{
  "dataset": "data2",
  "C": 0.01,
  "weights_raw": [
    -1.9699117701053475,
    0.14594514352813587,
    4.781010458275923,
    1.2907307153103533
  ],
  "importance": [
    0.24059702847166317,
    0.017825147494226118,
    0.5839332130553319,
    0.1576446109787789
  ],
  "intercept": -0.0007681793981463118,
  "manual_weights": [
    0.46,
    0.32,
    0.1,
    0.12
  ],
  "metrics_lr": {
    "auc": 0.57126109,
    "f1": 0.5705780679854042,
    "accuracy": 0.5528,
    "ece": 0.0018275065918318322
  },
  "metrics_manual": {
    "auc": 0.556099445,
    "f1": 0.0,
    "accuracy": 0.49995,
    "ece": 0.1805156080267578
  },
  "branch_names": [
    "physical",
    "frequency",
    "rgb",
    "smoothness"
  ]
}