{
  "dataset": "data1",
  "C": 1.0,
  "weights_raw": [
    -1.3706876286806768,
    -1.389394344105748,
    -0.2927434602185096,
    0.9050655032925773
  ],
  "weights_normalized": [
    -0.34631768554060105,
    -0.35104412083812614,
    -0.07396450911109803,
    0.22867368451017472
  ],
  "intercept": -0.11960845555430394,
  "manual_weights": [
    0.46,
    0.32,
    0.1,
    0.12
  ],
  "metrics_lr": {
    "auc": 0.5409083024976873,
    "f1": 0.30868628858578606,
    "accuracy": 0.528172464478197,
    "ece": 0.008458039318818722
  },
  "metrics_manual": {
    "auc": 0.503620297563984,
    "f1": 0.006230529595015576,
    "accuracy": 0.5311121999020089,
    "ece": 0.12558082926136818
  },
  "branch_names": [
    "physical",
    "frequency",
    "rgb",
    "smoothness"
  ]
}