{
  "image_path": "outputs\\_smoke\\smoke_face.png",
  "ai_probability": 0.4751867410750067,
  "real_probability": 0.5248132589249933,
  "label": "疑似真实拍摄",
  "confidence": 0.04962651784998662,
  "model_mode": "physics-heuristic",
  "face_found": false,
  "face_box": [
    32,
    32,
    295,
    295
  ],
  "face_note": "未检测到清晰人脸，使用中心区域估计",
  "branch_scores": [
    {
      "name": "物理噪声分支",
      "real_evidence": 0.3203291656323796,
      "ai_evidence": 0.6796708343676203,
      "note": "传感器噪声、CFA 周期、局部噪声-亮度关系"
    },
    {
      "name": "频域残差分支",
      "real_evidence": 1.0,
      "ai_evidence": 0.0,
      "note": "FFT 高频比例、谱斜率、方向性、JPEG 块效应"
    },
    {
      "name": "RGB 语义分支",
      "real_evidence": 0.7987456266184088,
      "ai_evidence": 0.20125437338159125,
      "note": "清晰度、边缘密度、饱和度、纹理能量"
    }
  ],
  "features": {
    "residual_std": 7.542270660400391,
    "residual_abs_mean": 1.820539951324463,
    "residual_entropy": 0.91672071011146,
    "residual_kurtosis": 25.83401350399297,
    "noise_illum_corr": -0.7835116870468523,
    "cfa_periodicity": 0.008947829405466715,
    "channel_noise_corr": 0.9895621613454276,
    "fft_low_ratio": 0.7260898999699068,
    "fft_mid_ratio": 0.2386494633126903,
    "fft_high_ratio": 0.03526063671740277,
    "spectral_slope": -3.126812692314296,
    "directional_anisotropy": 0.011858222720389965,
    "jpeg_blockiness": 0.11106797925659913,
    "laplacian_var": 4179.14404296875,
    "edge_density": 0.0234832763671875,
    "saturation_mean": 0.20842070877552032,
    "saturation_std": 0.0763239860534668,
    "color_channel_corr": 0.8498859796032118,
    "smooth_area_ratio": 0.74609375,
    "texture_energy": 0.05615665391087532,
    "exif_camera_score": 0.0
  },
  "evidence": [
    "未发现训练权重，当前结果来自物理启发式初始模型。",
    "未定位到标准正脸，已改用中心区域，结果应谨慎参考。",
    "物理噪声分支: 真实成像证据 32.0%，传感器噪声、CFA 周期、局部噪声-亮度关系。",
    "频域残差分支: 真实成像证据 100.0%，FFT 高频比例、谱斜率、方向性、JPEG 块效应。",
    "RGB 语义分支: 真实成像证据 79.9%，清晰度、边缘密度、饱和度、纹理能量。",
    "未读取到相机 EXIF 元数据；这不是 AI 证据，但会降低真实设备来源的辅助证据。",
    "RGB 通道残差相关性偏高，独立传感器噪声特征不足。"
  ],
  "exif": {}
}